{
  "name": "JPEG2000",
  "description": "JPEG2000. Ffmpeg version 5.1.2",
  "results": {
    "1": {
      "psnr": 65.34619696941563,
      "bpppc": 2.9154018390298746,
      "encoding_time": 20.126140652375145,
      "decoding_time": 20.60973985844639
    },
    "2": {
      "psnr": 49.242114239655784,
      "bpppc": 1.7710391285079463,
      "encoding_time": 20.09551278148352,
      "decoding_time": 20.3248107873221
    },
    "3": {
      "psnr": 45.73105540372048,
      "bpppc": 1.2107793342211561,
      "encoding_time": 20.283879187752394,
      "decoding_time": 20.36926884647035
    },
    "4": {
      "psnr": 43.9678515374447,
      "bpppc": 0.9191537752573791,
      "encoding_time": 20.316716250800607,
      "decoding_time": 20.31888065367184
    },
    "5": {
      "psnr": 42.88635263971835,
      "bpppc": 0.7436468844619241,
      "encoding_time": 20.29816411576967,
      "decoding_time": 20.263989000137837
    },
    "10": {
      "psnr": 40.103769790590235,
      "bpppc": 0.3823863347190626,
      "encoding_time": 20.29081854309801,
      "decoding_time": 20.15715538822539
    },
    "15": {
      "psnr": 38.661337864837044,
      "bpppc": 0.260864837401658,
      "encoding_time": 19.38001882044312,
      "decoding_time": 19.211921736299725
    },
    "20": {
      "psnr": 37.646576713633785,
      "bpppc": 0.1992416726986011,
      "encoding_time": 16.601258309848188,
      "decoding_time": 16.470788701707345
    }
  }
}